Workbook

Sheet 견적서
A1: 견 적 서 [Quotation]
A3: 수신: | C3: (주)시오랩 | G3: 발신 : 벨아이앤에스
A4: 견적일자 : | C4: 46094 | G4: 상 호 : | H4: 주식회사 벨아이앤에스
A5: 담 당 자 : | C5: 임명열 이사님 | G5: 대 표 자 : | H5: 한 성 욱
A6: 전화번호 : | C6: 010-6319-6461 | G6: 주 소 : | H6: 서울 서대문구 충정로 8 종근당빌딩 8층
A7: 팩 스 : | G7: 대표번호 : | H7: 02-6925-1131
A8: 이 메 일 : | C8: mylim@seiolab.com | G8: 팩 스 : | H8: 02-6373-0975
A9: 견적유효 : | C9: 견적일로부터 1개월 | G9: 담 당 자 : | H9: 조한기
G10: Mobile : | H10: 010-3306-3549
A11: 금액: | C11: ="일금" & NUMBERSTRING(H26,1)&"원정" -> 일금삼억일천육백만원정 | E11: (부가세별도) | G11: 이 메 일 : | H11: ckdbob@bellins.net
C12: =H26 -> 316000000
I13: 단위(원 V.A.T 별도)
A14: N0 | B14: 품명 | D14: 모델 및 사양 | F14: 수량(M/M) | G14: 표준가 | H14: 공급금액 | I14: 비고
A15: 신한은행TDM솔루션개발 | H15: =SUM(H16:H22) -> 3.1651943e+08
A16: 1 | B16: PM | D16: 프로젝트 관리 | F16: =별첨1_인건비산정!H5 -> 3.0243902 | G16: =별첨1_인건비산정!I5 -> 76876208 | H16: =별첨1_인건비산정!J5 -> 65344777
A17: 2 | B17: UI/UX기획 | D17: 요구사항 정의 및 문서작업 | F17: =별첨1_인건비산정!H6 -> 0.97560976 | G17: =별첨1_인건비산정!I6 -> 29141570 | H17: =별첨1_인건비산정!J6 -> 24770335
A18: 3 | B18: UI/UX디자인 | D18: 디자인(포탈 시안에서 변경 시 발생) | F18: =별첨1_인건비산정!H7 -> 0.14634146 | G18: =별첨1_인건비산정!I7 -> 1902629.3 | H18: =별첨1_인건비산정!J7 -> 1617234.9
A19: 4 | B19: UI/UX개발 | D19: 퍼블리싱(포탈 시안 기준 작성) | F19: =별첨1_인건비산정!H8 -> 0.34146341 | G19: =별첨1_인건비산정!I8 -> 5938794.3 | H19: =별첨1_인건비산정!J8 -> 5047975.1
A20: 5 | B20: IT아키텍트 | D20: 전체 백엔드 프로세스 설계 및 검증 | F20: =별첨1_인건비산정!H9 -> 0.97560976 | G20: =별첨1_인건비산정!I9 -> 27297697 | H20: =별첨1_인건비산정!J9 -> 23203043
A21: 6 | B21: 응용SW개발 | D21: 개발 및 테스트 | F21: =별첨1_인건비산정!H10 -> 9.7560976 | G21: =별첨1_인건비산정!I10 -> 1.9063798e+08 | H21: =별첨1_인건비산정!J10 -> 1.6204228e+08
A22: 7 | B22: 운영지원 SE | D22: 웹서버 구축 | F22: =별첨1_인건비산정!H11 -> 1.5121951 | G22: =별첨1_인건비산정!I11 -> 40580928 | H22: =별첨1_인건비산정!J11 -> 34493789
D23: -이하 여백-
D24: * 프로젝트 예상 기간 총 6개월
A26: 소 계 | D26: Total | G26: =SUM(G16:G22) -> 3.723758e+08 | H26: =ROUNDDOWN(SUM(H15),-6) -> 316000000
A27: 부가세 | D27: VAT(10%) | H27: =H26*0.1 -> 31600000
A28: 합 계 | D28: Grand Total | H28: =SUM(H26:H27) -> 347600000 | I28: (부가세포함)
A29: 1.결제조건 | D29: 계산서 발행조건, 결제 조건
A30: 2.납품장소 | D30: 협의
A31: 3.납품예정일 | D31: 협의
A32: 4.기타사항
A34: ="※ 본 견적서는 "&CHAR(34)&C3&CHAR(34)&" 만을 위한 견적으로 할인 요소등을 최대한 반영하였습니다." -> ※ 본 견적서는 "(주)시오랩" 만을 위한 견적으로 할인 요소등을 최대한 반영하였습니다.
A35: ※ 본 견적서의 견적금액은 구축 수행 시 요청 사항 또는 환경에 따라 변동이 있을수 있습니다.
A36: ※ 본 견적서는 시스템 구축에만 한하며, 서버 구입비, 호스팅비, 동영상서비스, SMS, 대량메일 서비스 비용 등은 본 견적외 사항입니다.
A37: ※ 시스템 구축에 필요한 콘텐츠는 고객사에서 제공합니다.
A38: ※ 해당 견적상 업무는 비 상주로 운영지원하는 것을 기준으로 합니다.
A39: ※ 한국 소프트웨어산업협회 2026년 적용 SW기술자 평균임금을 적용합니다.
B42: 발주자: | E42: 발주일:
B43: 주 소:
B44: 상 호:
B45: 대 표:

Sheet 별첨1_인건비산정
A1: 1. 운영사업 임금단가 기준
A2: *용역비용 산정내역 : 2026년도 적용 SW기술자 평균임금 공표자료에 의한 M/M 기준으로 기재되어 있음. | J2: 1.05
A4: 직무구분 | B4: ①평균임금(원) | C4: ②제경비 | D4: ③기술료 | E4: ④표준가격 | F4: ⑤ 1M 제안가격 | G4: 공수(Day) | H4: 공수(Month) | I4: ⑥표준가 금액 | J4: ⑦제안가 금액 | K4: 할인율(%)
A5: ⑤ IT PM | B5: 10086804 | C5: =B5*1.1 -> 11095484 | D5: =(B5+C5)*0.2 -> 4236457.7 | E5: =B5+C5+D5 -> 25418746 | F5: =E5-(E5*$K$5/100) -> 21605934 | G5: =별첨2_공수산정!I7 -> 62 | H5: =G5/20.5 -> 3.0243902 | I5: =E5*H5 -> 76876208 | J5: =F5*H5 -> 65344777 | K5: =$B$24 -> 15
A6: ① IT기획자 | B6: 11853218 | C6: =B6*1.1 -> 13038540 | D6: =(B6+C6)*0.2 -> 4978351.6 | E6: =B6+C6+D6 -> 29870109 | F6: =E6-(E6*$K$6/100) -> 25389593 | G6: =별첨2_공수산정!I12 -> 20 | H6: =G6/20.5 -> 0.97560976 | I6: =E6*H6 -> 29141570 | J6: =F6*H6 -> 24770335 | K6: =$B$24 -> 15
A7: ⑧ UI/UX디자이너 | B7: 5159246 | C7: =B7*1.1 -> 5675170.6 | D7: =(B7+C7)*0.2 -> 2166883.3 | E7: =B7+C7+D7 -> 13001300 | F7: =E7-(E7*$K$7/100) -> 11051105 | G7: =별첨2_공수산정!I17 -> 3 | H7: =G7/20.5 -> 0.14634146 | I7: =E7*H7 -> 1902629.3 | J7: =F7*H7 -> 1617234.9 | K7: =$B$24 -> 15
A8: ⑦ UI/UX기획/개발자 | B8: 6901660 | C8: =B8*1.1 -> 7591826 | D8: =(B8+C8)*0.2 -> 2898697.2 | E8: =B8+C8+D8 -> 17392183 | F8: =E8-(E8*$K$8/100) -> 14783356 | G8: =별첨2_공수산정!I22 -> 7 | H8: =G8/20.5 -> 0.34146341 | I8: =E8*H8 -> 5938794.3 | J8: =F8*H8 -> 5047975.1 | K8: =$B$24 -> 15
A9: ⑥ IT아키텍트 | B9: 11103230 | C9: =B9*1.1 -> 12213553 | D9: =(B9+C9)*0.2 -> 4663356.6 | E9: =B9+C9+D9 -> 27980140 | F9: =E9-(E9*$K$9/100) -> 23783119 | G9: =별첨2_공수산정!I27 -> 20 | H9: =G9/20.5 -> 0.97560976 | I9: =E9*H9 -> 27297697 | J9: =F9*H9 -> 23203043 | K9: =$B$24 -> 15
A10: ⑨ 응용SW개발자 | B10: 7754124 | C10: =B10*1.1 -> 8529536.4 | D10: =(B10+C10)*0.2 -> 3256732.1 | E10: =B10+C10+D10 -> 19540392 | F10: =E10-(E10*$K$10/100) -> 16609334 | G10: =별첨2_공수산정!I37 -> 200 | H10: =G10/20.5 -> 9.7560976 | I10: =E10*H10 -> 1.9063798e+08 | J10: =F10*H10 -> 1.6204228e+08 | K10: =$B$24 -> 15
A11: ⑪ 정보시스템운용자 | B11: 10649117 | C11: =B11*1.1 -> 11714029 | D11: =(B11+C11)*0.2 -> 4472629.1 | E11: =B11+C11+D11 -> 26835775 | F11: =E11-(E11*$K$11/100) -> 22810409 | G11: =별첨2_공수산정!I43 -> 31 | H11: =G11/20.5 -> 1.5121951 | I11: =E11*H11 -> 40580928 | J11: =F11*H11 -> 34493789 | K11: =$B$24 -> 15 | L11: ←할인율 입력시 제안가 자동산정
A12: 합계 | G12: =SUM(G5:G11) -> 343 | H12: =SUM(H5:H11) -> 16.731707 | I12: =SUM(I5:I11) -> 3.723758e+08 | J12: =SUM(J5:J11) -> 3.1651943e+08 | K12: =$B$24 -> 15
A14: =견적서!A15 -> 신한은행TDM솔루션개발
B15: ← ※ 오른쪽 색상으로 배경 처리된 곳의 데이터만 수정가능 합니다. 나머지 데이터는 자동연산되도록 되어있으니 수정하지 마세요.
A16: *1M = 20.5일
A17: ①평균임금 | B17: SW기술자 평균임금
A18: ②제경비 | B18: 평균임금*1.1
A19: ③기술료 | B19: (평균임금+제경비)*0.2
A20: ④표준가격 | B20: 평균임금+제경비+기술비
A21: ⑤ 1M 제안가격 | B21: 표준가격-(표준가격/할인율)
A22: ⑥표준가금액 | B22: 표준가격 *공수(M)
A23: ⑦제안가금액 | B23: 1M 제안가격*공수(M)
A24: * 특별 할인율 | B24: 15

Sheet 별첨2_공수산정
A2: * 협의되는 요건에 따라 공수산정이 조정될 수 있습니다. | J2: M/M기준 : 하루 8시간 20.5일
A4: * PM
A5: 구분 | B5: 항목 | C5: 대분류 | D5: 중분류 | E5: 세분류 | F5: 세부기능 | H5: 작업 | I5: 합계 | J5: 비고
B6: 프로젝트 관리 | F6: - 업무협의 및 요구사항 정의, 일정관리, 개발품질관리 등 | H6: 62 | I6: =SUM(G6:H6) -> 62 | J6: * 6개월 대비 50% 투입률로 적용
A7: 총 합계(D/M) | H7: =SUM(H6:H6) -> 62 | I7: =SUM(I6:I6) -> 62
A9: * 기획 | J9: 작성자 : 이경국
A10: 구분 | B10: 항목 | C10: 대분류 | D10: 중분류 | E10: 세분류 | F10: 세부기능 | G10: 분석 | H10: 설계 | I10: 합계 | J10: 비고
A11: 분석/설계 | B11: 문서작업 | F11: - 요구사항 정의서 등 문서작업 | H11: 20 | I11: =SUM(G11:H11) -> 20
A12: 총 합계(D/M) | G12: =SUM(G11:G11) -> 0 | H12: =SUM(H11:H11) -> 20 | I12: =SUM(I11:I11) -> 20
A14: * 디자인
A15: 구분 | B15: 항목 | C15: 대분류 | D15: 중분류 | E15: 세분류 | F15: 세부기능 | G15: 분석/설계 | H15: 디자인 | I15: 합계 | J15: 비고
A16: 디자인 | F16: - 디자인은 전달 받은 포탈 시안 적용 전제로 변경사항 발생 시 투입 | H16: 3 | I16: =SUM(G16:H16) -> 3
A17: 총 합계(D/M) | G17: =SUM(G16:G16) -> 0 | H17: =SUM(H16:H16) -> 3 | I17: =SUM(I16:I16) -> 3
A19: * 퍼블리싱 | J19: \
A20: 구분 | B20: 항목 | C20: 대분류 | D20: 중분류 | E20: 세분류 | F20: 세부기능 | G20: 분석/설계 | H20: 퍼블리싱 | I20: 합계 | J20: 비고
A21: PC | F21: - 모바일 버전은 없고 PC 최적화 기준 - 전달 받은 포탈 시안(대메뉴 : 대시보드,백업관리,Clone DB관리,데이터변환,워크플로우,모니터링,실시간 변환 모니터링)에 로그인,사용자관리 포함 | H21: 7 | I21: =SUM(G21:H21) -> 7
A22: 총 합계(D/M) | G22: =SUM(G21:G21) -> 0 | H22: =SUM(H21:H21) -> 7 | I22: =SUM(I21:I21) -> 7
A24: * 시스템설계
A25: 구분 | B25: 항목 | C25: 대분류 | D25: 중분류 | E25: 세분류 | F25: 세부기능 | G25: 분석/설계 | H25: 구현 | I25: 합계 | J25: 비고
A26: 분석/설계 | F26: - 프로세스 정리 및 검증 - 백엔드 아키텍쳐 수립 | H26: 20 | I26: =SUM(G26:H26) -> 20
A27: 총 합계(D/M) | G27: =SUM(G26:G26) -> 0 | H27: =SUM(H26:H26) -> 20 | I27: =SUM(I26:I26) -> 20
A29: * 개발 | J29: 작성자 : 이민재,이경국
A30: 구분 | B30: 항목 | C30: 대분류 | D30: 중분류 | E30: 세분류 | F30: 세부기능 | G30: 설계 | H30: 개발/테스트 | I30: 합계 | J30: 비고
A31: 개발 | B31: 포탈 구축 | F31: - 로그인,로그아웃,비밀번호변경,메뉴 프레임 - 대메뉴 : 대시보드,백업관리,Clone DB관리,데이터변환,워크플로우,모니터링,실시간 변환 모니터링,사용자관리 - 로그인할 수 있는 계정은 사용자관리에서 계정 생성하고, 계정 생성 및 비밀번호 초기화 시 지정된 비번으로 로그인 후 비밀번호 변경해서 사용 - 데이터 수신 받아 화면에 노출하는 부분 개발 | G31: 10 | H31: 40 | I31: =SUM(G31:H31) -> 50
B32: 인터페이스 연동 (Cohesity Data Protection REST API) | F32: - 백업 : 백업/복구, 백업/복구 리스트 관리 - TEST&DEV : CLONE DB 생성, ORACLE CLONE DB 생성 / 삭제 - 계정 관리 - 스토리지 용량 모니터링 / 성능 모니터링 - 위에 부분 기능 정의 후 각 필요 인터페이스 개발 후 포탈 연동 부분 개발 | G32: 20 | H32: 10 | I32: =SUM(G32:H32) -> 30
B33: 데이터처리 쉘 적용 | F33: - 마스킹할 데이터 처리용 쉘 스크립트 시스템 적용 개발 | G33: 10 | H33: 10 | I33: =SUM(G33:H33) -> 20
B34: 마스킹데이터 이관 및 처리 | F34: - 데이터 이관 및 마스킹 처리 개발(기존 XDATAMIGRATOR 부분) | G34: 10 | H34: 30 | I34: =SUM(G34:H34) -> 40
A35: 검증 및 테스트 | F35: - 마스킹 처리 테스트 및 검증 - 쉘 처리 검증 - 인터페이스 연동 및 포탈 테스트 | H35: 40 | I35: =SUM(G35:H35) -> 40
A36: 이관 | F36: - 오픈 후 모니터링 | H36: 20 | I36: =SUM(G36:H36) -> 20
A37: 총 합계(D/M) | G37: =SUM(G31:G36) -> 50 | H37: =SUM(H31:H36) -> 150 | I37: =SUM(I31:I36) -> 200
A39: * SE | J39: 작성자 : 정동환
A40: 구분 | B40: 항목 | C40: 대분류 | D40: 중분류 | E40: 세분류 | F40: 세부기능 | G40: 분석/설계 | H40: 작업 | I40: 합계 | J40: 비고
A41: 서버구성 | B41: 포탈 웹서버 | F41: - 서버 스펙 구성 -> 호환성 및 성능확인을 위한 기존 인프라(서버&네트워크)실사 -> 신규 서버스펙 확인 및 확정전달 - 개발서버 구성 -> OS구성 -> 미들웨어 구성 -> 배포 및 기타 서비스 구성 후 테스트 - 운영서버 구성 -> OS구성 -> 미들웨어 구성 -> 성능관리도구 설치 및 테스트 | H41: 11 | I41: =SUM(G41:H41) -> 11
B42: 데이터 변환 서버 | F42: - 데이터 변환 서버를 구성해야 할 경우 -> 대용량 처리시스템 최신 레퍼런스 분석 -> 신규서버 아키텍처 및 상세 스펙 확정 - 서버구성 -> OS구성 -> ORACLE DBMS 설치 및 볼륨구성 등 - 개발 지원 - 성능 테스트 및 서버 튜닝 10day | H42: 20 | I42: =SUM(G42:H42) -> 20 | J42: 데이터 변환 서버를 구성해야 할 경우 발생
A43: 총 합계(D/M) | G43: =SUM(G41:G42) -> 0 | H43: =SUM(H41:H42) -> 31 | I43: =SUM(I41:I42) -> 31
